model,accuracy,macro_f1,weighted_f1,phishing_precision,phishing_recall,phishing_f1
MultinomialNB,0.91575,0.8893391621397161,0.9138968895625726,0.8921244209133025,0.7366120218579235,0.806944028733912
LogisticRegression,0.9485833333333333,0.9376770530354399,0.9489481146002873,0.8681541582150102,0.9355191256830601,0.9005786428195687
RandomForest,0.9129166666666667,0.903616658552017,0.9136140312279243,0.864908503767492,0.8781420765027322,0.8714750542299349
